id,x,y,linex,liney,tipx,tipy,zh,zh_TW,en,ru,城市图标,center,开放城市,背景音乐,背景图,市政厅,广场,交易所,港口,旅店,同业工会,神殿,府邸,酒馆,造船厂,船坞,仓库,大学,加工厂,指挥所,宴会厅,水手行会,灯塔
1,-290,227,-315,224,-108,9,里斯本,里斯本,Lisbon,Лиссабон,4,1,1,16,16,12,24,36,48,60,72,84,96,108,120,132,144,156,168,180,192,204,216
2,-284,343,-306,342,-97,21,维亚纳堡,維亞納堡,Viana do Castelo,Виана-ду-Каштелу,4,0,1,16,16,12,24,36,48,60,72,84,96,108,120,132,144,156,168,180,192,204,216
3,-279,296,-299,301,-98,-20,波尔图,波爾圖,Porto,Порту,4,0,1,16,16,12,24,36,48,60,72,84,96,108,120,132,144,156,168,180,192,204,216
4,-281,168,-290,154,-99,-3,萨格里什,薩格裏什,Sagres,Сагреш,4,0,1,16,16,12,24,36,48,60,72,84,96,108,120,132,144,156,168,180,192,204,216
5,-228,177,-230,166,92,40,法鲁,法魯,Faro,Фару,4,0,1,16,16,12,24,36,48,60,72,84,96,108,120,132,144,156,168,180,192,204,216
6,-491,2,-490,14,-95,25,马德拉,馬德拉,Madeira,Мадейра,4,0,1,16,16,12,24,36,48,60,72,84,96,108,120,132,144,156,168,180,192,204,216
8,-123,175,-123,164,96,-16,马拉加,馬拉加,Malaga,Малага,4,0,1,17,17,10,22,34,46,58,70,82,94,106,118,130,142,154,166,178,190,202,214
9,-7,281,3,273,95,-24,巴伦西亚,巴倫西亞,Valencia,Валенсия,4,0,1,17,17,10,22,34,46,58,70,82,94,106,118,130,142,154,166,178,190,202,214
10,51,338,68,330,-105,-13,巴塞罗那,巴賽隆納,Barcelona,Барселона,4,1,1,17,17,10,22,34,46,58,70,82,94,106,118,130,142,154,166,178,190,202,214
11,-284,397,-301,413,-111,19,拉科鲁尼亚,拉科魯尼亞,A Coruna,Ла-Корунья,4,0,1,17,17,10,22,34,46,58,70,82,94,106,118,130,142,154,166,178,190,202,214
12,92,687,92,703,86,-37,安特卫普,安特衛普,Antwerp,Антверпен,4,0,1,17,17,12,24,36,48,60,72,84,96,108,120,132,144,156,168,180,192,204,216
13,56,687,47,700,85,-36,敦刻尔克,敦刻爾克,Dunkirk,Дюнкерк,4,0,1,18,18,12,24,36,48,60,72,84,96,108,120,132,144,156,168,180,192,204,216
14,-53,637,-53,651,-98,-4,瑟堡,瑟堡,Cherbourg,Шербур,4,0,1,18,18,12,24,36,48,60,72,84,96,108,120,132,144,156,168,180,192,204,216
15,-144,603,-149,615,-93,-27,布雷斯特,佈雷斯特,Brest,Брест,4,0,1,18,18,12,24,36,48,60,72,84,96,108,120,132,144,156,168,180,192,204,216
16,-89,563,-90,550,-85,-38,南特,南特,Nantes,Нант,4,0,1,18,18,12,24,36,48,60,72,84,96,108,120,132,144,156,168,180,192,204,216
17,-35,540,-57,532,91,-27,拉罗切利,拉羅切利,La Rochelle,Ла-Рошель,4,0,1,18,18,12,24,36,48,60,72,84,96,108,120,132,144,156,168,180,192,204,216
18,-36,451,-63,455,104,16,波尔多,波爾多,Bordeaux,Бордо,4,1,1,18,18,12,24,36,48,60,72,84,96,108,120,132,144,156,168,180,192,204,216
19,187,420,183,401,91,-31,戛纳,戛納,Cannes,Канны,4,0,1,18,18,10,22,34,46,58,70,82,94,106,118,130,142,154,166,178,190,202,214
20,126,416,125,402,-91,-20,马赛,馬賽,Marseille,Марсель,4,0,1,18,18,10,22,34,46,58,70,82,94,106,118,130,142,154,166,178,190,202,214
21,243,455,242,444,112,1,热那亚,熱那亞,Genoa,Генуя,4,1,1,19,19,10,22,34,46,58,70,82,94,106,118,130,142,154,166,178,190,202,214
23,417,292,399,285,-95,-25,那不勒斯,那不勒斯,Naples,Неаполь,4,0,1,19,19,10,22,34,46,58,70,82,94,106,118,130,142,154,166,178,190,202,214
24,238,237,255,231,-92,-31,卡利亚里,卡利亞裏,Cagliari,Кальяри,4,0,1,19,19,10,22,34,46,58,70,82,94,106,118,130,142,154,166,178,190,202,214
25,373,174,351,162,97,25,巴勒莫,巴勒莫,Palermo,Палермо,4,0,1,19,19,10,22,34,46,58,70,82,94,106,118,130,142,154,166,178,190,202,214
26,382,402,391,419,98,-22,安科纳,安科納,Ancona,Анкона,4,0,1,19,19,10,22,34,46,58,70,82,94,106,118,130,142,154,166,178,190,202,214
27,334,481,345,468,97,18,威尼斯,威尼斯,Venice,Венеция,4,0,1,19,19,10,22,34,46,58,70,82,94,106,118,130,142,154,166,178,190,202,214
28,699,206,716,212,105,-26,雅典,雅典,Athens,Афины,4,1,1,20,20,10,22,34,46,58,70,82,94,106,118,130,142,154,166,178,190,202,214
29,698,283,707,274,111,-24,塞萨洛尼基,塞薩洛尼基,Thessaloniki,Салоники,4,0,1,20,20,10,22,34,46,58,70,82,94,106,118,130,142,154,166,178,190,202,214
30,722,94,718,81,-109,-28,伊拉克利翁,伊拉克利翁,Heraklion,Ираклион,4,0,1,20,20,10,22,34,46,58,70,82,94,106,118,130,142,154,166,178,190,202,214
31,959,83,959,69,-102,22,塞浦路斯,賽普勒斯,Cyprus,Кипр,4,0,1,21,21,7,19,31,43,55,67,79,91,103,115,127,139,151,163,175,187,199,211
32,884,1097,871,1111,111,-31,圣彼得堡,聖彼得堡,Ingria,Санкт-Петербург,4,0,1,28,28,12,24,36,48,60,72,84,96,108,120,132,144,156,168,180,192,204,216
33,910,518,906,493,96,15,摩尔多瓦,莫爾達瓦,Moldova,Молдова,4,0,1,14,14,10,22,34,46,58,70,82,94,106,118,130,142,154,166,178,190,202,214
34,1130,567,1112,543,97,23,罗斯托夫,羅斯托夫,Rostov,Ростов,4,0,1,14,14,12,24,36,48,60,72,84,96,108,120,132,144,156,168,180,192,204,216
35,1154,403,1123,392,105,25,索契,索契,Sochi,Сочи,4,1,1,14,14,12,24,36,48,60,72,84,96,108,120,132,144,156,168,180,192,204,216
36,839,323,850,319,123,16,伊斯坦布尔,伊斯坦布爾,Istanbul,Стамбул,6,1,1,21,21,7,19,31,43,55,67,79,91,103,115,127,139,151,163,175,187,199,211
37,834,375,855,376,-98,23,瓦尔纳,瓦爾納,Varna,Варна,6,0,1,21,21,7,19,31,43,55,67,79,91,103,115,127,139,151,163,175,187,199,211
38,1063,84,1036,86,96,21,安条克,安條克,Antioch,Антиохия,6,0,1,21,21,7,19,31,43,55,67,79,91,103,115,127,139,151,163,175,187,199,211
39,1044,43,1026,51,100,16,贝鲁特,貝魯特,Beirut,Бейрут,6,0,1,21,21,7,19,31,43,55,67,79,91,103,115,127,139,151,163,175,187,199,211
40,72,131,67,146,97,-26,阿尔及尔,阿爾及爾,Algiers,Алжир,6,0,1,32,21,7,19,31,43,55,67,79,91,103,115,127,139,151,163,175,187,199,211
41,425,-5,425,13,-95,-26,的黎波里,的黎波里,Tripoli,Триполи,6,0,1,32,21,7,19,31,43,55,67,79,91,103,115,127,139,151,163,175,187,199,211
42,784,-34,784,-10,-97,-29,亚力山卓,亞力山卓,Alexandria,Александрия,6,0,1,21,21,7,19,31,43,55,67,79,91,103,115,127,139,151,163,175,187,199,211
43,922,-28,922,-10,98,-15,塞得港,塞得港,Port Said,Порт-Саид,6,0,1,21,21,7,19,31,43,55,67,79,91,103,115,127,139,151,163,175,187,199,211
44,947,-78,968,-115,95,-23,苏伊士港,蘇伊士港,Suez Port,Суэцкий порт,6,0,1,21,21,7,19,31,43,55,67,79,91,103,115,127,139,151,163,175,187,199,211
45,875,-34,872,-17,-90,45,开罗,開羅,Cairo,Каир,6,1,1,21,21,7,19,31,43,55,67,79,91,103,115,127,139,151,163,175,187,199,211
46,-287,-42,-317,-24,96,17,拉巴特,拉巴特,Rabat,Рабат,6,0,1,32,32,10,22,34,46,58,70,82,94,106,118,130,142,154,166,178,190,202,214
47,-167,106,-155,114,-105,-17,休达,休達,Ceuta,Сеута,6,1,1,32,32,10,22,34,46,58,70,82,94,106,118,130,142,154,166,178,190,202,214
48,-86,90,-86,105,-73,-39,梅利利亚,梅利利亞,Melilla,Мелилья,6,0,1,32,32,10,22,34,46,58,70,82,94,106,118,130,142,154,166,178,190,202,214
49,-326,-100,-358,-85,-112,23,卡萨布兰卡,卡薩布蘭卡,Casablanca,Касабланка,6,1,1,32,32,10,22,34,46,58,70,82,94,106,118,130,142,154,166,178,190,202,214
50,0,719,46,742,-105,9,伦敦,倫敦,London,Лондон,4,1,1,22,22,12,24,36,48,60,72,84,96,108,120,132,144,156,168,180,192,204,216
51,-79,915,-63,918,104,22,爱丁堡,愛丁堡,Edinburgh,Эдинбург,4,1,1,30,30,12,24,36,48,60,72,84,96,108,120,132,144,156,168,180,192,204,216
52,-47,867,-30,871,97,18,桑德兰,桑德蘭,Sunderland,Сандерленд,4,0,1,22,22,12,24,36,48,60,72,84,96,108,120,132,144,156,168,180,192,204,216
53,-7,801,14,816,109,29,格里姆斯比,格裏姆斯比,Grimsby,Гримсби,4,0,1,22,22,12,24,36,48,60,72,84,96,108,120,132,144,156,168,180,192,204,216
55,-127,676,-128,660,-96,11,普利茅斯,普利茅斯,Plymouth,Плимут,4,0,1,22,22,12,24,36,48,60,72,84,96,108,120,132,144,156,168,180,192,204,216
57,-140,775,-158,786,-87,-17,利物浦,利物浦,Liverpool,Ливерпуль,4,0,1,22,22,12,24,36,48,60,72,84,96,108,120,132,144,156,168,180,192,204,216
58,-149,1058,-154,1072,83,40,德内斯,德內斯,Durness,Дёрнесс,4,0,1,30,30,12,24,36,48,60,72,84,96,108,120,132,144,156,168,180,192,204,216
59,-98,990,-93,1002,99,5,阿伯丁,阿伯丁,Aberdeen,Абердин,4,0,1,30,30,12,24,36,48,60,72,84,96,108,120,132,144,156,168,180,192,204,216
60,-188,930,-203,928,-98,-11,埃伦港,埃倫港,Port Allen,Порт-Аллен,4,0,1,30,30,12,24,36,48,60,72,84,96,108,120,132,144,156,168,180,192,204,216
61,-191,962,-200,959,-94,23,托伯莫里,托伯莫裏,Tobermory,Тобермори,4,0,1,30,30,12,24,36,48,60,72,84,96,108,120,132,144,156,168,180,192,204,216
62,-221,1045,-203,1045,-96,21,波特里,波特裏,Portree,Портри,4,0,1,30,30,12,24,36,48,60,72,84,96,108,120,132,144,156,168,180,192,204,216
63,-232,798,-203,797,-109,16,都柏林,都柏林,Dublin,Дублин,4,1,1,29,29,12,24,36,48,60,72,84,96,108,120,132,144,156,168,180,192,204,216
65,-198,874,-184,878,-112,11,贝尔法斯特,貝爾法斯特,Belfast,Белфаст,4,0,1,29,29,12,24,36,48,60,72,84,96,108,120,132,144,156,168,180,192,204,216
66,-268,735,-259,719,-100,-9,沃特福德,沃特福德,Watford,Уотфорд,4,0,1,29,29,12,24,36,48,60,72,84,96,108,120,132,144,156,168,180,192,204,216
67,116,761,98,765,118,-24,阿姆斯特丹,阿姆斯特丹,Amsterdam,Амстердам,5,1,1,23,23,12,24,36,48,60,72,84,96,108,120,132,144,156,168,180,192,204,216
69,527,293,531,321,95,19,布林迪西,布林迪西,Brindisi,Бриндизи,4,0,1,19,19,10,22,34,46,58,70,82,94,106,118,130,142,154,166,178,190,202,214
70,103,725,87,727,86,-38,鹿特丹,鹿特丹,Rotterdam,Роттердам,5,0,1,23,23,12,24,36,48,60,72,84,96,108,120,132,144,156,168,180,192,204,216
71,850,416,871,418,93,22,康斯坦察,康斯坦察,Constanta,Констанца,6,0,1,21,21,7,19,31,43,55,67,79,91,103,115,127,139,151,163,175,187,199,211
73,564,11,558,38,-94,-32,班加西,班加西,Benghazi,Бенгази,6,0,1,32,21,10,22,34,46,58,70,82,94,106,118,130,142,154,166,178,190,202,214
74,227,808,221,823,101,-27,汉堡,漢堡,Hamburg,Гамбург,5,1,1,25,25,12,24,36,48,60,72,84,96,108,120,132,144,156,168,180,192,204,216
76,304,844,318,841,93,12,维斯马,維斯馬,Wismar,Висмар,5,0,1,25,25,12,24,36,48,60,72,84,96,108,120,132,144,156,168,180,192,204,216
78,417,808,417,825,90,-33,科沙林,科沙林,Koszalin,Кошалин,5,0,1,26,26,12,24,36,48,60,72,84,96,108,120,132,144,156,168,180,192,204,216
80,533,864,533,877,96,-39,格丁尼亚,格丁尼亞,Gdynia,Гдыня,5,1,1,26,26,12,24,36,48,60,72,84,96,108,120,132,144,156,168,180,192,204,216
81,565,856,562,867,95,25,格但斯克,格但斯克,Gdansk,Гданьск,5,0,1,26,26,12,24,36,48,60,72,84,96,108,120,132,144,156,168,180,192,204,216
82,337,890,351,884,-109,2,哥本哈根,哥本哈根,Copenhagen,Копенгаген,5,1,1,24,24,12,24,36,48,60,72,84,96,108,120,132,144,156,168,180,192,204,216
83,284,996,284,1010,96,24,腓特烈,腓特烈,Frederiksberg,Фредериксберг,5,0,1,24,24,12,24,36,48,60,72,84,96,108,120,132,144,156,168,180,192,204,216
85,214,941,197,944,129,15,汉斯特霍尔姆,漢斯特霍爾姆,Hanstholm,Ханстхольм,5,0,1,24,24,12,24,36,48,60,72,84,96,108,120,132,144,156,168,180,192,204,216
87,-579,1434,-622,1446,-110,23,雷克雅未克,雷克雅未克,Reykjavik,Рейкьявик,5,0,1,24,35,12,24,36,48,60,72,84,96,108,120,132,144,156,168,180,192,204,216
88,-355,1603,-322,1604,94,24,索尔斯港,索爾斯港,Thorshavn,Торсхавн,5,0,1,24,35,12,24,36,48,60,72,84,96,108,120,132,144,156,168,180,192,204,216
89,-316,1524,-286,1525,127,24,塞济斯菲厄泽,塞濟斯菲厄澤,Seydisfjordur,Сейдисфьордюр,5,0,1,24,35,12,24,36,48,60,72,84,96,108,120,132,144,156,168,180,192,204,216
90,304,1130,294,1099,96,26,奥斯陆,奧斯陸,Oslo,Осло,5,0,1,24,24,12,24,36,48,60,72,84,96,108,120,132,144,156,168,180,192,204,216
91,200,1274,169,1278,-94,23,博德,博德,Bodo,Бодо,5,0,1,24,24,12,24,36,48,60,72,84,96,108,120,132,144,156,168,180,192,204,216
92,124,1141,97,1138,-97,27,卑尔根,卑爾根,Bergen,Берген,5,0,1,24,24,12,24,36,48,60,72,84,96,108,120,132,144,156,168,180,192,204,216
93,172,1030,154,1030,-99,14,斯塔万格,斯塔萬格,Stavanger,Ставангер,5,0,1,24,24,12,24,36,48,60,72,84,96,108,120,132,144,156,168,180,192,204,216
95,507,1081,537,1072,123,22,斯德哥尔摩,斯德哥爾摩,Stockholm,Стокгольм,5,1,1,28,28,12,24,36,48,60,72,84,96,108,120,132,144,156,168,180,192,204,216
96,661,1452,671,1430,97,22,吕勒奥,呂勒奧,Lulea,Лулео,5,0,1,28,28,12,24,36,48,60,72,84,96,108,120,132,144,156,168,180,192,204,216
97,369,894,371,887,98,9,马尔默,馬爾默,Malmo,Мальмё,5,0,1,28,28,12,24,36,48,60,72,84,96,108,120,132,144,156,168,180,192,204,216
98,330,1009,310,1019,95,19,哥德堡,哥德堡,Gothenburg,Гетеборг,5,0,1,28,28,12,24,36,48,60,72,84,96,108,120,132,144,156,168,180,192,204,216
99,725,1141,732,1130,-105,28,赫尔辛基,赫爾辛基,Helsinki,Хельсинки,5,1,1,27,27,12,24,36,48,60,72,84,96,108,120,132,144,156,168,180,192,204,216
100,692,1346,673,1365,-97,25,瓦萨,瓦薩,Vaasa,Вааса,5,0,1,27,27,12,24,36,48,60,72,84,96,108,120,132,144,156,168,180,192,204,216
101,-3344,-34,-3354,-63,-127,24,佩尼亚斯科港,佩尼亞斯科港,Penasco,Пеньяско,8,0,1,34,34,11,23,35,47,59,71,83,95,107,119,131,143,155,167,179,191,203,215
102,-2875,-330,-2847,-314,99,25,坦皮科,坦皮科,Tampico,Тампико,7,1,1,33,33,11,23,35,47,59,71,83,95,107,119,131,143,155,167,179,191,203,215
103,-2594,-516,-2592,-496,-113,10,巴里奥斯港,巴裏奧斯港,Puerto Barrios,Пуэрто-Барриос,7,0,1,33,33,11,23,35,47,59,71,83,95,107,119,131,143,155,167,179,191,203,215
104,-2694,-557,-2702,-572,-101,-32,阿卡胡特拉,阿卡胡特拉,Acajutla,Акаджутла,8,0,1,33,33,11,23,35,47,59,71,83,95,107,119,131,143,155,167,179,191,203,215
106,-2484,-495,-2483,-477,-101,36,北特鲁西略,北特魯西略,Trujillo North,Трухильо Северный,7,0,1,33,33,11,23,35,47,59,71,83,95,107,119,131,143,155,167,179,191,203,215
107,-2431,-517,-2426,-503,91,-39,伦皮拉港,倫皮拉港,Puerto Lempira,Пуэрто Лемпира,8,0,1,33,33,11,23,35,47,59,71,83,95,107,119,131,143,155,167,179,191,203,215
108,-2518,-642,-2537,-639,-94,-35,南圣胡安,南聖胡安,South San Juan,Южный Сан-Хуан,8,0,1,33,33,11,23,35,47,59,71,83,95,107,119,131,143,155,167,179,191,203,215
109,-2412,-684,-2404,-667,-94,4,北圣胡安,北聖胡安,North San Juan,Северный Сан-Хуан,7,0,1,33,33,11,23,35,47,59,71,83,95,107,119,131,143,155,167,179,191,203,215
110,-2463,-672,-2476,-679,-105,-35,蓬塔雷纳斯,蓬塔雷納斯,Puntarenas,Пунтаренас,8,0,1,33,33,11,23,35,47,59,71,83,95,107,119,131,143,155,167,179,191,203,215
111,-2383,-693,-2384,-678,92,26,利蒙,利蒙,Limon,Лимон,7,0,1,33,33,11,23,35,47,59,71,83,95,107,119,131,143,155,167,179,191,203,215
112,-2359,-729,-2364,-749,92,-32,瓜尼科,瓜尼科,Guanico,Гуанико,8,0,1,33,33,11,23,35,47,59,71,83,95,107,119,131,143,155,167,179,191,203,215
113,-2310,-697,-2326,-713,93,-15,巴拿马城,巴拿馬城,Panama City,Панама-Сити,7,1,1,33,33,11,23,35,47,59,71,83,95,107,119,131,143,155,167,179,191,203,215
116,-2188,-631,-2191,-614,-99,23,圣玛尔塔,聖瑪爾塔,Santa Marta,Санта-Марта,7,0,1,33,33,11,23,35,47,59,71,83,95,107,119,131,143,155,167,179,191,203,215
117,-2248,-858,-2275,-850,-95,26,瓜比,瓜比,Guapi,Гуапи,8,0,1,35,33,11,23,35,47,59,71,83,95,107,119,131,143,155,167,179,191,203,215
118,-2121,-639,-2101,-631,80,41,马拉开波,馬拉開波,Maracaibo,Маракайбо,7,0,1,33,33,11,23,35,47,59,71,83,95,107,119,131,143,155,167,179,191,203,215
119,-2066,-612,-2046,-597,90,-35,科罗,科羅,Koror,Корор,7,0,1,33,33,11,23,35,47,59,71,83,95,107,119,131,143,155,167,179,191,203,215
120,-1815,-570,-1824,-596,96,18,圣乔治,聖喬治,St. George's,Св. Георгия,7,0,1,33,33,11,23,35,47,59,71,83,95,107,119,131,143,155,167,179,191,203,215
121,-1713,-747,-1707,-731,94,27,乔治敦,喬治敦,Georgetown,Джорджтаун,8,0,1,35,33,11,23,35,47,59,71,83,95,107,119,131,143,155,167,179,191,203,215
122,-1585,-787,-1583,-770,114,14,帕拉马里博,帕拉馬里博,Paramaribo,Парамарибо,8,0,1,35,33,11,23,35,47,59,71,83,95,107,119,131,143,155,167,179,191,203,215
123,-1510,-839,-1504,-818,93,-27,卡宴,卡宴,Cayenne,Кайенна,8,0,1,35,33,11,23,35,47,59,71,83,95,107,119,131,143,155,167,179,191,203,215
124,-2309,-237,-2312,-252,96,28,拿骚,拿騷,Nassau,Нассау,7,0,1,33,33,11,23,35,47,59,71,83,95,107,119,131,143,155,167,179,191,203,215
125,-2061,-332,-2078,-340,97,26,科伯恩城,科伯恩城,Cockburn Town,Кокберн-Таун,7,0,1,33,33,11,23,35,47,59,71,83,95,107,119,131,143,155,167,179,191,203,215
126,-2459,-301,-2461,-286,-94,29,哈瓦那,哈瓦那,Havana,Гавана,7,1,1,33,33,11,23,35,47,59,71,83,95,107,119,131,143,155,167,179,191,203,215
127,-2219,-383,-2207,-394,94,19,圣地亚哥,聖地牙哥,San Diego,Сан-Диего,7,0,1,33,33,11,23,35,47,59,71,83,95,107,119,131,143,155,167,179,191,203,215
128,-2268,-338,-2268,-318,-90,30,马纳蒂港,馬納蒂港,Port Mathurin,Порт-Матурин,7,0,1,33,33,11,23,35,47,59,71,83,95,107,119,131,143,155,167,179,191,203,215
129,-2275,-466,-2278,-484,78,-41,金斯敦,金斯敦,Kingston,Кингстон,7,1,1,33,33,11,23,35,47,59,71,83,95,107,119,131,143,155,167,179,191,203,215
131,-2124,-413,-2140,-398,-98,-9,太子港,太子港,Port-au-Prince,Порт-о-Пренс,7,0,1,33,33,11,23,35,47,59,71,83,95,107,119,131,143,155,167,179,191,203,215
133,-2048,-417,-2034,-438,89,32,圣多明哥,聖多明哥,Santo Domingo,Санто-Доминго,7,0,1,33,33,11,23,35,47,59,71,83,95,107,119,131,143,155,167,179,191,203,215
134,-1951,-430,-1949,-448,89,-35,圣胡安,聖胡安,San Juan,Сан-Хуан,7,0,1,33,33,11,23,35,47,59,71,83,95,107,119,131,143,155,167,179,191,203,215
135,-2618,-459,-2596,-459,110,27,斯坦克里克,斯坦克裏克,Stann Creek,Стэнн-Крик,7,0,1,33,33,11,23,35,47,59,71,83,95,107,119,131,143,155,167,179,191,203,215
136,-3639,549,-3637,562,-111,19,安吉利斯港,安吉利斯港,Port Angeles,Порт-Анджелес,8,0,1,34,34,11,23,35,47,59,71,83,95,107,119,131,143,155,167,179,191,203,215
137,-3612,495,-3607,520,-97,23,西雅图,西雅圖,Seattle,Сиэтл,8,0,1,34,34,11,23,35,47,59,71,83,95,107,119,131,143,155,167,179,191,203,215
138,-3610,212,-3641,210,-96,23,旧金山,三藩市,San Francisco,Сан-Франциско,8,1,1,34,34,11,23,35,47,59,71,83,95,107,119,131,143,155,167,179,191,203,215
139,-3515,54,-3544,34,-95,26,圣迭戈,聖迭戈,San Diego,Сан-Диего,8,0,1,34,34,11,23,35,47,59,71,83,95,107,119,131,143,155,167,179,191,203,215
140,-2923,-126,-2864,-114,142,23,科珀丝克里斯蒂,科珀絲克裏斯蒂,Corpus Christi,Корпус-Кристи,7,0,1,33,34,11,23,35,47,59,71,83,95,107,119,131,143,155,167,179,191,203,215
141,-2824,-77,-2813,-101,-97,30,阿瑟港,阿瑟港,Port Arthur,Порт-Артур,7,0,1,33,34,11,23,35,47,59,71,83,95,107,119,131,143,155,167,179,191,203,215
142,-2625,-105,-2642,-120,96,23,新奥尔良,新奧爾良,New Orleans,Новый Орлеан,7,0,1,33,34,11,23,35,47,59,71,83,95,107,119,131,143,155,167,179,191,203,215
143,-2188,281,-2134,223,95,27,曼哈顿,曼哈頓,Manhattan,Манхэттен,8,0,1,34,34,11,23,35,47,59,71,83,95,107,119,131,143,155,167,179,191,203,215
144,-2380,-207,-2361,-218,-99,26,迈阿密,邁阿密,Miami,Майами,7,0,1,33,34,11,23,35,47,59,71,83,95,107,119,131,143,155,167,179,191,203,215
145,-2398,2,-2369,-2,95,24,萨凡纳,薩凡納,Savannah,Саванна,8,0,1,34,34,11,23,35,47,59,71,83,95,107,119,131,143,155,167,179,191,203,215
146,-2265,140,-2250,134,111,-28,纽波特纽斯,紐波特紐斯,Newport News,Ньюпорт-Ньюс,8,0,1,34,34,11,23,35,47,59,71,83,95,107,119,131,143,155,167,179,191,203,215
147,-2266,215,-2275,196,112,-31,安纳波利斯,安納波利斯,Annapolis,Аннаполис,8,0,1,34,34,11,23,35,47,59,71,83,95,107,119,131,143,155,167,179,191,203,215
148,-2222,257,-2212,189,-102,24,多佛,多佛,Dover,Дувр,8,0,1,34,34,11,23,35,47,59,71,83,95,107,119,131,143,155,167,179,191,203,215
149,-3656,351,-3689,360,-111,23,奇尔库特港,奇爾庫特港,Chilcoot,Чилкут,8,0,1,34,34,11,23,35,47,59,71,83,95,107,119,131,143,155,167,179,191,203,215
150,-3835,791,-3836,774,-126,24,鲁珀特王子港,魯珀特王子港,Prince Rupert,Принц Руперт,8,0,1,34,34,11,23,35,47,59,71,83,95,107,119,131,143,155,167,179,191,203,215
151,-3630,623,-3652,620,-95,18,温哥华,溫哥華,Vancouver,Ванкувер,8,0,1,34,34,11,23,35,47,59,71,83,95,107,119,131,143,155,167,179,191,203,215
152,-2745,949,-2716,1003,98,27,纳尔逊港,納爾遜港,Port Nelson,Порт-Нельсон,8,0,1,34,34,11,23,35,47,59,71,83,95,107,119,131,143,155,167,179,191,203,215
153,-2450,1261,-2426,1255,96,24,科勒尔港,科勒爾港,Coral Harbour,Коралловая гавань,8,0,1,34,34,11,23,35,47,59,71,83,95,107,119,131,143,155,167,179,191,203,215
154,-1983,1346,-1992,1308,100,26,庞纳唐,龐納唐,Pangnirtung,Пангниртунг,8,0,1,34,34,11,23,35,47,59,71,83,95,107,119,131,143,155,167,179,191,203,215
155,-1622,1722,-1669,1701,-95,-25,戈德港,戈德港,Qeqertarsuaq,Кекертарсуак,8,0,1,34,34,11,23,35,47,59,71,83,95,107,119,131,143,155,167,179,191,203,215
156,-1263,1330,-1207,1305,92,-30,桑米索克,桑米索克,Samisauk,Самисаук,8,0,1,34,34,11,23,35,47,59,71,83,95,107,119,131,143,155,167,179,191,203,215
157,-1935,1127,-1924,1134,95,22,伯韦尔港,伯韋爾港,Port Burwell,Порт Беруэлл,8,0,1,34,34,11,23,35,47,59,71,83,95,107,119,131,143,155,167,179,191,203,215
158,-1553,521,-1550,505,95,24,圣约翰斯,聖約翰斯,St. John's,Сент-Джонс,8,1,1,34,34,11,23,35,47,59,71,83,95,107,119,131,143,155,167,179,191,203,215
159,-1989,634,-1972,626,96,27,卡捷港,卡捷港,Port-Cartier,Порт-Картье,8,0,1,34,34,11,23,35,47,59,71,83,95,107,119,131,143,155,167,179,191,203,215
160,-2067,558,-2045,566,96,27,魁北克,魁北克,Quebec,Квебек,8,0,1,34,34,11,23,35,47,59,71,83,95,107,119,131,143,155,167,179,191,203,215
161,-2286,-882,-2314,-865,93,-31,卡利,卡利,Cali,Кали,8,0,1,35,34,11,23,35,47,59,71,83,95,107,119,131,143,155,167,179,191,203,215
162,-2343,-971,-2365,-987,-98,27,瓜亚基尔,瓜亞基爾,Guayaquil,Гуаякиль,8,0,1,35,34,11,23,35,47,59,71,83,95,107,119,131,143,155,167,179,191,203,215
163,-2308,-1191,-2337,-1194,-114,24,南特鲁西略,南特魯西略,Trujillo South,Трухильо Юг,8,0,1,35,34,11,23,35,47,59,71,83,95,107,119,131,143,155,167,179,191,203,215
164,-2274,-1249,-2301,-1257,-91,-31,卡亚俄,卡亞俄,Callao,Кальяо,8,0,1,35,34,11,23,35,47,59,71,83,95,107,119,131,143,155,167,179,191,203,215
165,-2079,-1400,-2102,-1410,-99,25,阿里卡,阿裏卡,Arica,Арика,8,0,1,35,34,11,23,35,47,59,71,83,95,107,119,131,143,155,167,179,191,203,215
166,-2069,-1578,-2079,-1575,-126,26,安托法加斯塔,安托法加斯塔,Antofagasta,Антофагаста,8,0,1,35,34,11,23,35,47,59,71,83,95,107,119,131,143,155,167,179,191,203,215
167,-2090,-1802,-2128,-1776,-96,29,拉塞雷纳,拉塞雷納,La Serena,Ла Серена,8,0,1,35,34,11,23,35,47,59,71,83,95,107,119,131,143,155,167,179,191,203,215
168,-2127,-1963,-2158,-1948,-115,24,瓦尔帕莱索,瓦爾帕萊索,Valparaiso,Вальпараисо,8,1,1,35,34,11,23,35,47,59,71,83,95,107,119,131,143,155,167,179,191,203,215
169,-2155,-2123,-2188,-2118,-96,23,蒙特港,蒙特港,Puerto Montt,Пуэрто-Монт,8,0,1,35,34,11,23,35,47,59,71,83,95,107,119,131,143,155,167,179,191,203,215
170,-2139,-2630,-2197,-2594,-105,-35,纳塔莱斯港,納塔萊斯港,Puerto Natales,Пуэрто-Наталес,8,0,1,35,34,11,23,35,47,59,71,83,95,107,119,131,143,155,167,179,191,203,215
171,-1972,-2731,-1970,-2751,99,20,乌斯怀亚,烏斯懷亞,Ushuaia,Ушуайя,8,0,1,35,34,11,23,35,47,59,71,83,95,107,119,131,143,155,167,179,191,203,215
172,-1695,-2581,-1675,-2573,94,24,斯坦利港,斯坦利港,Stanley,Стэнли,8,0,1,35,34,11,23,35,47,59,71,83,95,107,119,131,143,155,167,179,191,203,215
173,-1911,-2404,-1886,-2405,111,25,德塞阿多港,德塞阿多港,Puerto Deseado,Пуэрто Десеадо,8,0,1,35,34,11,23,35,47,59,71,83,95,107,119,131,143,155,167,179,191,203,215
174,-1794,-2104,-1760,-2120,98,25,布兰卡港,布蘭卡港,Bahia Blanca,Баия-Бланка,8,0,1,35,34,11,23,35,47,59,71,83,95,107,119,131,143,155,167,179,191,203,215
175,-1715,-1938,-1690,-1942,143,24,布宜诺斯艾利斯,布宜諾賽勒斯,Buenos Aires,Буэнос-Айрес,8,0,1,35,34,11,23,35,47,59,71,83,95,107,119,131,143,155,167,179,191,203,215
176,-1648,-1941,-1636,-1962,111,24,蒙得维的亚,蒙德維的亞,Montevideo,Монтевидео,8,0,1,35,34,11,23,35,47,59,71,83,95,107,119,131,143,155,167,179,191,203,215
177,-1462,-1754,-1433,-1766,112,24,阿雷格里港,阿雷格裏港,Porto Alegre,Порту-Алегри,8,0,1,35,34,11,23,35,47,59,71,83,95,107,119,131,143,155,167,179,191,203,215
178,-1334,-1593,-1319,-1604,94,-30,桑托斯,桑托斯,Santos,Сантос,8,0,1,35,34,11,23,35,47,59,71,83,95,107,119,131,143,155,167,179,191,203,215
179,-1269,-1584,-1258,-1597,113,25,里约热内卢,里約熱內盧,Rio de Janeiro,Рио-де-Жанейро,8,1,1,35,34,11,23,35,47,59,71,83,95,107,119,131,143,155,167,179,191,203,215
180,-1043,-1099,-1000,-1094,95,24,纳塔尔,納塔爾,Natal,Натал,8,0,1,35,34,11,23,35,47,59,71,83,95,107,119,131,143,155,167,179,191,203,215
181,-577,-172,-574,-192,-127,20,拉斯帕尔马斯,拉斯帕爾馬斯,Las Palmas,Лас-Пальмас,8,0,1,31,32,5,17,29,41,53,65,77,89,101,113,125,137,149,161,173,185,197,209
182,-494,-410,-524,-403,-112,17,努瓦克肖特,努瓦克肖特,Nouakchott,Нуакшот,8,0,1,31,32,5,17,29,41,53,65,77,89,101,113,125,137,149,161,173,185,197,209
183,-527,-522,-545,-526,-97,20,达喀尔,達喀爾,Dakar,Дакар,8,0,1,31,32,5,17,29,41,53,65,77,89,101,113,125,137,149,161,173,185,197,209
184,-468,-571,-498,-556,-113,22,几内亚比绍,幾內亞比紹,Guinea-Bissau,Гвинея-Бисау,8,0,1,31,32,5,17,29,41,53,65,77,89,101,113,125,137,149,161,173,185,197,209
185,-396,-686,-433,-675,-100,19,弗里敦,弗里敦,Freetown,Фритаун,8,0,1,31,32,5,17,29,41,53,65,77,89,101,113,125,137,149,161,173,185,197,209
186,-373,-735,-384,-760,-95,-30,蒙罗维亚,蒙羅維亞,Monrovia,Монровия,8,0,1,31,32,5,17,29,41,53,65,77,89,101,113,125,137,149,161,173,185,197,209
187,-25,-771,-26,-794,-94,-35,阿克拉,阿克拉,Accra,Аккра,8,0,1,31,32,5,17,29,41,53,65,77,89,101,113,125,137,149,161,173,185,197,209
188,192,-790,180,-814,-89,-30,哈克特港,哈克特港,Port Harcourt,Порт-Харкорт,8,0,1,31,32,5,17,29,41,53,65,77,89,101,113,125,137,149,161,173,185,197,209
189,258,-926,227,-931,-98,19,利伯维尔,利伯維爾,Libreville,Либревиль,8,0,1,31,32,5,17,29,41,53,65,77,89,101,113,125,137,149,161,173,185,197,209
190,350,-1051,317,-1061,-96,23,安哥拉,安哥拉,Angola,Ангола,8,0,1,31,32,5,17,29,41,53,65,77,89,101,113,125,137,149,161,173,185,197,209
191,395,-1185,362,-1181,-97,21,罗安达,羅安達,Luanda,Луанда,8,0,1,31,32,5,17,29,41,53,65,77,89,101,113,125,137,149,161,173,185,197,209
192,407,-1541,371,-1541,-100,22,鲸湾港,鯨灣港,Walvis Bay,Уолфиш-Бей,8,0,1,31,32,5,17,29,41,53,65,77,89,101,113,125,137,149,161,173,185,197,209
193,536,-1882,512,-1891,-97,19,开普敦,開普敦,Cape Town,Кейптаун,8,1,1,31,32,5,17,29,41,53,65,77,89,101,113,125,137,149,161,173,185,197,209
194,736,-1878,740,-1899,110,-28,伊丽莎白港,伊莉莎白港,Port Elizabeth,Порт-Элизабет,8,0,1,31,32,5,17,29,41,53,65,77,89,101,113,125,137,149,161,173,185,197,209
195,854,-1803,871,-1816,100,21,德班,德班,Durban,Дурбан,8,0,1,31,32,5,17,29,41,53,65,77,89,101,113,125,137,149,161,173,185,197,209
196,942,-1651,982,-1624,96,25,马普托,馬布多,Maputo,Мапуту,8,0,1,31,32,5,17,29,41,53,65,77,89,101,113,125,137,149,161,173,185,197,209
197,1308,-1602,1276,-1603,98,-30,图里亚拉,圖裏亞拉,Toliara,Толиара,8,0,1,31,32,5,17,29,41,53,65,77,89,101,113,125,137,149,161,173,185,197,209
198,1377,-1550,1403,-1549,95,28,马纳卡拉,馬納卡拉,Manakara,Манакара,8,0,1,31,32,5,17,29,41,53,65,77,89,101,113,125,137,149,161,173,185,197,209
199,999,-1471,1035,-1474,99,23,贝拉,貝拉,Beira,Бейра,8,0,1,31,32,5,17,29,41,53,65,77,89,101,113,125,137,149,161,173,185,197,209
200,1578,-1607,1570,-1592,100,20,圣丹尼,聖丹尼,Saint-Denis,Сен-Дени,8,0,1,31,32,5,17,29,41,53,65,77,89,101,113,125,137,149,161,173,185,197,209
201,1608,-1489,1590,-1482,100,21,路易港,路易港,Port Louis,Порт-Луи,8,0,1,31,32,5,17,29,41,53,65,77,89,101,113,125,137,149,161,173,185,197,209
202,1203,-1316,1228,-1319,100,21,莫桑比克,莫三比克,Mozambique,Мозамбик,8,1,1,31,32,5,17,29,41,53,65,77,89,101,113,125,137,149,161,173,185,197,209
203,1394,-1333,1375,-1310,95,31,马任加,馬任加,Mahajanga,Махадзанга,8,0,1,31,32,5,17,29,41,53,65,77,89,101,113,125,137,149,161,173,185,197,209
204,1209,-1002,1235,-1005,100,21,蒙巴萨,蒙巴薩,Mombasa,Момбаса,8,0,1,31,32,5,17,29,41,53,65,77,89,101,113,125,137,149,161,173,185,197,209
205,1334,-862,1356,-878,96,22,摩加迪沙,摩加迪沙,Mogadishu,Могадишо,8,0,1,31,32,5,17,29,41,53,65,77,89,101,113,125,137,149,161,173,185,197,209
206,1166,-326,1145,-336,-96,22,吉达,吉達,Jeddah,Джидда,6,0,1,15,15,6,18,30,42,54,66,78,90,102,114,126,138,150,162,174,186,198,210
207,1317,-581,1315,-599,-107,21,亚丁,亞丁,Aden,Аден,6,1,1,15,15,6,18,30,42,54,66,78,90,102,114,126,138,150,162,174,186,198,210
208,1445,-521,1467,-524,96,23,穆卡拉,穆卡拉,Al Mukalla,Аль-Мукалла,6,0,1,15,15,6,18,30,42,54,66,78,90,102,114,126,138,150,162,174,186,198,210
209,1712,-280,1712,-254,99,15,马斯喀特,馬斯喀特,Muscat,Маскат,6,0,1,15,15,6,18,30,42,54,66,78,90,102,114,126,138,150,162,174,186,198,210
210,1612,-219,1601,-200,-85,-39,阿布扎比,阿布扎比,Abu Dhabi,Абу-Даби,6,0,1,15,15,6,18,30,42,54,66,78,90,102,114,126,138,150,162,174,186,198,210
211,1445,-174,1460,-161,-98,24,宰赫兰,宰赫蘭,Dhahran,Дахран,6,0,1,15,15,6,18,30,42,54,66,78,90,102,114,126,138,150,162,174,186,198,210
212,1397,-70,1426,-78,95,20,阿巴丹,阿巴丹,Abadan,Абадан,6,0,1,15,15,6,18,30,42,54,66,78,90,102,114,126,138,150,162,174,186,198,210
213,1554,-450,1568,-467,95,20,塞拉莱,塞拉萊,Salalah,Салала,6,0,1,15,15,6,18,30,42,54,66,78,90,102,114,126,138,150,162,174,186,198,210
214,1634,-143,1639,-155,107,19,阿巴斯,阿巴斯,Abbas,Аббас,6,1,1,13,13,6,18,30,42,54,66,78,90,102,114,126,138,150,162,174,186,198,210
215,1801,-204,1795,-223,111,22,恰赫巴哈尔,恰赫巴哈爾,Chabahar,Чабахар,6,0,1,13,13,6,18,30,42,54,66,78,90,102,114,126,138,150,162,174,186,198,210
216,1986,-244,1973,-253,97,23,卡拉奇,卡拉奇,Karachi,Карачи,3,0,1,12,12,8,20,32,44,56,68,80,92,104,116,128,140,152,164,176,188,200,212
217,2044,-307,2026,-321,-96,13,杜瓦尔卡,杜瓦爾卡,Dwarka,Дварка,3,0,1,12,12,8,20,32,44,56,68,80,92,104,116,128,140,152,164,176,188,200,212
218,2143,-300,2152,-305,95,19,包纳加尔,包納加爾,Bhavnagar,Бхавнагар,3,0,1,12,12,8,20,32,44,56,68,80,92,104,116,128,140,152,164,176,188,200,212
219,2109,-336,2109,-347,-99,-26,第乌,第烏,Diu,Диу,3,0,1,12,12,8,20,32,44,56,68,80,92,104,116,128,140,152,164,176,188,200,212
220,2162,-353,2146,-359,96,27,苏拉特,蘇拉特,Surat,Сурат,3,0,1,12,12,8,20,32,44,56,68,80,92,104,116,128,140,152,164,176,188,200,212
221,2181,-427,2156,-433,-105,12,孟买,孟買,Mumbai,Мумбаи,3,1,1,12,12,8,20,32,44,56,68,80,92,104,116,128,140,152,164,176,188,200,212
222,2201,-519,2177,-527,-97,20,吉布伦,吉布倫,Chiplun,Чиплун,3,0,1,12,12,8,20,32,44,56,68,80,92,104,116,128,140,152,164,176,188,200,212
224,2296,-716,2300,-730,-108,-29,特里凡得琅,特裏凡得琅,Thiruvananthapuram,Тируванантапурам,3,0,1,12,12,8,20,32,44,56,68,80,92,104,116,128,140,152,164,176,188,200,212
225,2375,-610,2394,-607,99,25,全纳伊,全納伊,Chennai,Ченнаи,3,0,1,12,12,8,20,32,44,56,68,80,92,104,116,128,140,152,164,176,188,200,212
226,2416,-464,2427,-478,128,23,维沙卡帕特南,維沙卡帕特南,Visakhapatnam,Вишакхапатнам,3,0,1,12,12,8,20,32,44,56,68,80,92,104,116,128,140,152,164,176,188,200,212
227,2515,-374,2523,-395,99,21,克塔克,克塔克,Cuttack,Каттак,3,0,1,12,12,8,20,32,44,56,68,80,92,104,116,128,140,152,164,176,188,200,212
228,2602,-299,2591,-337,97,21,加尔各答,加爾各答,Kolkata,Калькутта,3,0,1,12,12,8,20,32,44,56,68,80,92,104,116,128,140,152,164,176,188,200,212
229,2237,-607,2216,-609,-98,21,卡利卡特,卡利卡特,Kozhikode,Кожикоде,3,0,1,12,12,8,20,32,44,56,68,80,92,104,116,128,140,152,164,176,188,200,212
230,2371,-680,2373,-667,97,26,贾夫纳,賈夫納,Jaffna,Джафна,3,0,1,11,11,8,20,32,44,56,68,80,92,104,116,128,140,152,164,176,188,200,212
232,2363,-734,2349,-738,-90,-47,科伦坡,可倫坡,Colombo,Коломбо,3,1,1,11,11,8,20,32,44,56,68,80,92,104,116,128,140,152,164,176,188,200,212
233,2370,-767,2361,-771,90,-30,加勒,加勒,Galle,Галле,3,0,1,11,11,8,20,32,44,56,68,80,92,104,116,128,140,152,164,176,188,200,212
235,2835,-497,2827,-535,-102,-33,仰光,仰光,Yangon,Янгон,2,1,1,10,10,8,20,32,44,56,68,80,92,104,116,128,140,152,164,176,188,200,212
236,2833,-779,2832,-746,-94,30,班达亚齐,班達亞齊,Banda Aceh,Банда Ачех,2,0,1,8,8,4,16,28,40,52,64,76,88,100,112,124,136,148,160,172,184,196,208
237,2945,-933,2926,-936,-97,23,巴东,巴東,Padang,Паданг,2,0,1,8,8,4,16,28,40,52,64,76,88,100,112,124,136,148,160,172,184,196,208
238,2994,-995,2974,-1004,-85,-42,名古鲁,名古魯,Bengkulu,Бенкулу,2,0,1,8,8,4,16,28,40,52,64,76,88,100,112,124,136,148,160,172,184,196,208
239,3017,-841,3004,-852,97,25,马六甲,馬六甲,Malacca,Ротанговая трость,2,0,1,7,7,4,16,28,40,52,64,76,88,100,112,124,136,148,160,172,184,196,208
240,3058,-881,3064,-898,104,21,新加坡,新加坡,Singapore,Сингапур,2,1,1,7,7,4,16,28,40,52,64,76,88,100,112,124,136,148,160,172,184,196,208
241,3021,-742,3037,-714,96,26,宋卡,宋卡,Songkhla,Сонгкхла,2,0,1,9,9,4,16,28,40,52,64,76,88,100,112,124,136,148,160,172,184,196,208
242,2986,-550,2984,-567,101,34,曼谷,曼谷,Bangkok,Бангкок,2,1,1,9,9,4,16,28,40,52,64,76,88,100,112,124,136,148,160,172,184,196,208
243,3159,-475,3178,-460,96,21,岘港,峴港,Da Nang,Дананг,2,0,1,5,5,4,16,28,40,52,64,76,88,100,112,124,136,148,160,172,184,196,208
244,3122,-377,3137,-388,-91,25,河内,河內,Hanoi,Ханой,2,1,1,5,5,4,16,28,40,52,64,76,88,100,112,124,136,148,160,172,184,196,208
245,3585,-411,3585,-398,98,17,拉瓦格,拉瓦格,Laoag City,Город Лаоаг,2,0,1,6,6,4,16,28,40,52,64,76,88,100,112,124,136,148,160,172,184,196,208
246,3619,-478,3637,-476,96,-30,奎松城,奎松城,Quezon City,Кесон-Сити,2,0,1,6,6,4,16,28,40,52,64,76,88,100,112,124,136,148,160,172,184,196,208
247,3573,-524,3550,-526,-109,22,马尼拉,馬尼拉,Manila,Манила,2,1,1,6,6,4,16,28,40,52,64,76,88,100,112,124,136,148,160,172,184,196,208
248,3633,-640,3658,-636,95,22,宿务,宿務,Cebu City,Себу-Сити,2,0,1,6,6,4,16,28,40,52,64,76,88,100,112,124,136,148,160,172,184,196,208
249,3479,-661,3470,-643,113,-25,普林塞萨港,普林塞薩港,Puerto Princesa,Пуэрто-Принцеса,2,0,1,6,6,4,16,28,40,52,64,76,88,100,112,124,136,148,160,172,184,196,208
250,3260,-862,3233,-841,97,19,古晋,古晉,Kuching,Кучинг,2,0,1,7,7,4,16,28,40,52,64,76,88,100,112,124,136,148,160,172,184,196,208
251,3233,-917,3197,-917,94,-25,坤甸,坤甸,Pontianak,Понтианак,2,0,1,8,8,4,16,28,40,52,64,76,88,100,112,124,136,148,160,172,184,196,208
252,3532,-1065,3526,-1085,99,25,望加锡,望加錫,Makassar,Макассар,2,0,1,8,8,4,16,28,40,52,64,76,88,100,112,124,136,148,160,172,184,196,208
253,3176,-1099,3176,-1084,107,35,雅加达,雅加達,Jakarta,Джакарта,2,1,1,8,8,4,16,28,40,52,64,76,88,100,112,124,136,148,160,172,184,196,208
254,3338,-1125,3338,-1110,95,-26,泗水,泗水,Surabaya,Сурабая,2,0,1,8,8,4,16,28,40,52,64,76,88,100,112,124,136,148,160,172,184,196,208
255,3756,-1169,3756,-1186,98,21,帝力,帝力,Dili,Дили,2,0,1,8,8,4,16,28,40,52,64,76,88,100,112,124,136,148,160,172,184,196,208
256,3840,-1007,3828,-1035,95,25,安波那,安波那,Amboyna,Амбойна,2,0,1,8,8,4,16,28,40,52,64,76,88,100,112,124,136,148,160,172,184,196,208
257,4255,-1148,4261,-1164,-94,25,基科里,基科裏,Kikori,Кикори,2,0,1,36,8,4,16,28,40,52,64,76,88,100,112,124,136,148,160,172,184,196,208
258,4333,-1168,4319,-1184,112,23,莫尔兹比港,莫爾茲比港,Port Moresby,Порт-Морсби,2,0,1,36,8,4,16,28,40,52,64,76,88,100,112,124,136,148,160,172,184,196,208
259,4772,-1192,4744,-1202,98,24,霍尼亚拉,霍尼亞拉,Honiara,Хониара,2,0,1,36,8,4,16,28,40,52,64,76,88,100,112,124,136,148,160,172,184,196,208
260,4493,-1060,4501,-1078,97,25,拉包尔,拉包爾,Rabaul,Рабаул,2,0,1,36,8,4,16,28,40,52,64,76,88,100,112,124,136,148,160,172,184,196,208
261,4220,823,4201,816,96,20,囊哈尔卫,囊哈爾衛,Nanghar,Нангар,1,0,1,1,1,1,13,25,37,49,61,73,85,97,109,121,133,145,157,169,181,193,205
262,3615,244,3618,230,-92,30,金州,金州,Jinzhou,Цзиньчжоу,1,0,1,1,1,1,13,25,37,49,61,73,85,97,109,121,133,145,157,169,181,193,205
263,3978,373,3989,362,95,22,海参崴,海參崴,Vladivostok,Владивосток,1,0,1,1,1,1,13,25,37,49,61,73,85,97,109,121,133,145,157,169,181,193,205
264,3482,230,3502,228,-97,4,天津,天津,Tianjin,Тяньцзинь,1,0,1,1,1,1,13,25,37,49,61,73,85,97,109,121,133,145,157,169,181,193,205
265,3564,198,3564,211,-96,-9,莱州,萊州,Laizhou,Лайчжоу,1,0,1,1,1,1,13,25,37,49,61,73,85,97,109,121,133,145,157,169,181,193,205
266,3631,163,3641,175,-96,-21,威海,威海,Weihai,Вэйхай,1,0,1,1,1,1,13,25,37,49,61,73,85,97,109,121,133,145,157,169,181,193,205
267,3533,88,3559,89,-99,0,安东,安東,Andong,Андон,1,0,1,1,1,1,13,25,37,49,61,73,85,97,109,121,133,145,157,169,181,193,205
269,3556,-12,3575,0,107,-22,杭州,杭州,Hangzhou,Ханчжоу,1,1,1,1,1,1,13,25,37,49,61,73,85,97,109,121,133,145,157,169,181,193,205
270,3590,-18,3600,-16,-99,13,宁波,寧波,Ningbo,Нинбо,1,0,1,1,1,1,13,25,37,49,61,73,85,97,109,121,133,145,157,169,181,193,205
271,3579,-116,3604,-124,-98,33,台州,臺州,Taizhou,Тайчжоу,1,0,1,1,1,1,13,25,37,49,61,73,85,97,109,121,133,145,157,169,181,193,205
272,3543,-171,3586,-170,-98,16,福州,福州,Fuzhou,Фучжоу,1,0,1,1,1,1,13,25,37,49,61,73,85,97,109,121,133,145,157,169,181,193,205
273,3465,-250,3485,-272,-97,-18,泉州,泉州,Quanzhou,Цюаньчжоу,1,0,1,1,1,1,13,25,37,49,61,73,85,97,109,121,133,145,157,169,181,193,205
274,3347,-318,3351,-336,96,-25,澳门,澳門,Macau,Макао,1,0,1,1,1,1,13,25,37,49,61,73,85,97,109,121,133,145,157,169,181,193,205
275,3254,-386,3254,-380,95,-30,琼州,瓊州,Qiongzhou,Цюнчжоу,1,0,1,1,1,1,13,25,37,49,61,73,85,97,109,121,133,145,157,169,181,193,205
276,3570,-315,3553,-331,95,22,高雄,高雄,Kaohsiung,Гаосюн,1,0,1,1,1,1,13,25,37,49,61,73,85,97,109,121,133,145,157,169,181,193,205
277,3594,-233,3594,-215,94,20,基隆,基隆,Keelung,Килунг,1,0,1,1,1,1,13,25,37,49,61,73,85,97,109,121,133,145,157,169,181,193,205
278,3816,115,3831,109,105,20,釜山,釜山,Busan,Пусан,1,1,1,2,2,2,14,26,38,50,62,74,86,98,110,122,134,146,158,170,182,194,206
279,3741,185,3721,181,98,-5,仁川,仁川,Incheon,Инчхон,1,0,1,2,2,2,14,26,38,50,62,74,86,98,110,122,134,146,158,170,182,194,206
282,3745,50,3744,61,-72,-41,济州,濟州,Jeju,Чеджу,1,0,1,2,2,2,14,26,38,50,62,74,86,98,110,122,134,146,158,170,182,194,206
283,3763,243,3795,245,98,20,元山,元山,Wonsan,Вонсан,1,0,1,2,2,2,14,26,38,50,62,74,86,98,110,122,134,146,158,170,182,194,206
284,3746,113,3733,117,-95,-23,木浦,木浦,Mokpo,Мокпхо,1,0,1,2,2,2,14,26,38,50,62,74,86,98,110,122,134,146,158,170,182,194,206
285,3854,11,3831,-15,93,-29,长崎,長崎,Nagasaki,Нагасаки,1,0,1,3,3,3,15,27,39,51,63,75,87,99,111,123,135,147,159,171,183,195,207
286,4015,34,4002,20,-93,-24,大阪,大阪,Osaka,Осака,1,0,1,3,3,3,15,27,39,51,63,75,87,99,111,123,135,147,159,171,183,195,207
287,4194,359,4182,377,93,27,札幌,札幌,Sapporo,Саппоро,1,0,1,3,3,3,15,27,39,51,63,75,87,99,111,123,135,147,159,171,183,195,207
288,4179,315,4179,303,98,9,箱馆,箱館,Hakodate,Хакодате,1,0,1,3,3,3,15,27,39,51,63,75,87,99,111,123,135,147,159,171,183,195,207
289,4270,359,4272,333,94,22,钏路,釧路,Kushiro,Кусиро,1,0,1,3,3,3,15,27,39,51,63,75,87,99,111,123,135,147,159,171,183,195,207
291,4038,143,4007,161,98,18,金泽,金澤,Kanazawa,Канадзава,1,0,1,3,3,3,15,27,39,51,63,75,87,99,111,123,135,147,159,171,183,195,207
292,4090,58,4088,43,101,28,江户,江戶,Edo,Эдо,1,1,1,3,3,3,15,27,39,51,63,75,87,99,111,123,135,147,159,171,183,195,207
293,3865,65,3837,78,96,17,马关,馬關,Shimonoseki,Симоносеки,1,0,1,3,3,3,15,27,39,51,63,75,87,99,111,123,135,147,159,171,183,195,207
294,4135,202,4106,215,97,17,新泻,新瀉,Niigata,Ниигата,1,0,1,3,3,3,15,27,39,51,63,75,87,99,111,123,135,147,159,171,183,195,207
295,3799,-149,3780,-140,99,-37,那霸,那霸,Naha,Наха,1,1,1,4,4,1,13,25,37,49,61,73,85,97,109,121,133,145,157,169,181,193,205
296,3791,-1316,3773,-1286,-96,28,基茨港,基茨港,Port Keats,Порт-Китс,8,0,1,36,31,9,21,33,45,57,69,81,93,105,117,129,141,153,165,177,189,201,213
297,4422,-1973,4449,-1975,97,23,悉尼,悉尼,Sydney,Сидней,8,0,1,36,31,9,21,33,45,57,69,81,93,105,117,129,141,153,165,177,189,201,213
298,4304,-2044,4297,-2067,98,20,墨尔本,墨爾本,Melbourne,Мельбурн,8,0,1,36,31,9,21,33,45,57,69,81,93,105,117,129,141,153,165,177,189,201,213
299,4094,-1925,4087,-1979,-94,-26,阿德莱德,阿德萊德,Adelaide,Аделаида,8,0,1,36,31,9,21,33,45,57,69,81,93,105,117,129,141,153,165,177,189,201,213
300,5169,-2148,5085,-2125,99,23,惠灵顿,惠靈頓,Wellington,Веллингтон,8,0,1,36,31,9,21,33,45,57,69,81,93,105,117,129,141,153,165,177,189,201,213
301,3762,-139,3762,-124,-88,36,神山,神山,Mount Kinabalu,Гора Кинабалу,1,0,1,4,4,1,13,25,37,49,61,73,85,97,109,121,133,145,157,169,181,193,205
302,462,437,453,424,95,21,拉古扎,拉古紮,Ragusa,Рагуза,4,0,1,21,21,7,19,31,43,55,67,79,91,103,115,127,139,151,163,175,187,199,211
303,1607,-601,1607,-583,97,19,索哥德拉,索哥德拉,Socotra,Сокотра,6,0,1,15,15,6,18,30,42,54,66,78,90,102,114,126,138,150,162,174,186,198,210
304,-124,406,-125,424,-86,36,桑坦德,桑坦德,Santander,Сантандер,4,0,1,17,17,10,22,34,46,58,70,82,94,106,118,130,142,154,166,178,190,202,214
306,385,105,378,92,97,24,瓦莱塔,瓦萊塔,Valletta,Валлетта,4,0,1,20,17,10,22,34,46,58,70,82,94,106,118,130,142,154,166,178,190,202,214
307,3218,-599,3247,-594,99,22,金兰,金蘭,Cam Ranh,Камрань,2,0,1,5,5,4,16,28,40,52,64,76,88,100,112,124,136,148,160,172,184,196,208
308,3152,-666,3162,-684,95,23,西贡,西貢,Saigon,Сайгон,2,0,1,5,5,4,16,28,40,52,64,76,88,100,112,124,136,148,160,172,184,196,208
309,2805,-416,2755,-420,99,22,丹兑,丹兌,Thandwe,Тандве,2,0,1,10,10,4,16,28,40,52,64,76,88,100,112,124,136,148,160,172,184,196,208
